{"18":{"league_name":"Argentine Primera Division","league_country":"Argentina","league_photo":"288"},"17":{"league_name":"Brazilian Serie A","league_country":"Brazil","league_photo":"270"},"14":{"league_name":"Bundesliga","league_country":"Germany","league_photo":"234"},"15":{"league_name":"French Ligue 1","league_country":"France","league_photo":"232"},"11":{"league_name":"La Liga Santander","league_country":"Spain","league_photo":"31"},"9":{"league_name":"Premier League","league_country":"United Kingdom","league_photo":"32"},"16":{"league_name":"Serie A","league_country":"Italy","league_photo":"233"}}