{"288":{"filename":"afa_288.jpg","original_filename":"afa.jpg","title":"afa","description":""},"270":{"filename":"brasileirao_270.jpg","original_filename":"brasileirao.jpg","title":"brasileirao","description":""},"234":{"filename":"bundesliga_234.jpg","original_filename":"bundesliga.jpg","title":"bundesliga","description":""},"232":{"filename":"french_ligue_1_232.jpg","original_filename":"french_ligue_1.jpg","title":"french_ligue_1","description":""},"31":{"filename":"LaLiga_Santander_logo_31.jpg","original_filename":"LaLiga_Santander_logo.jpg","title":"LaLiga_Santander_logo","description":""},"32":{"filename":"Premier_League-Logo_32.jpg","original_filename":"Premier_League-Logo.jpg","title":"Premier_League-Logo","description":""},"233":{"filename":"serie_a_233.jpg","original_filename":"serie_a.jpg","title":"serie_a","description":""},"305":{"filename":"fcb_305.jpg","original_filename":"fcb.jpg","title":"fcb","description":""},"303":{"filename":"DyJ_303.jpg","original_filename":"DyJ.jpg","title":"DyJ","description":""},"301":{"filename":"cat_301.jpg","original_filename":"cat.jpg","title":"cat","description":""},"299":{"filename":"racing_299.jpg","original_filename":"racing.jpg","title":"racing","description":""},"296":{"filename":"cai_296.jpg","original_filename":"cai.jpg","title":"cai","description":""},"294":{"filename":"casldea_294.jpg","original_filename":"casldea.jpg","title":"casldea","description":""},"292":{"filename":"carp_292.jpg","original_filename":"carp.jpg","title":"carp","description":""},"290":{"filename":"boca_junior_290.jpg","original_filename":"boca_junior.jpg","title":"boca_junior","description":""},"286":{"filename":"sfc_286.jpg","original_filename":"sfc.jpg","title":"sfc","description":""},"284":{"filename":"Fluminense_284.jpg","original_filename":"Fluminense.jpg","title":"Fluminense","description":""},"282":{"filename":"cap_282.jpg","original_filename":"cap.jpg","title":"cap","description":""},"280":{"filename":"palmeiras_280.jpg","original_filename":"palmeiras.jpg","title":"palmeiras","description":""},"278":{"filename":"gremio_278.jpg","original_filename":"gremio.jpg","title":"gremio","description":""},"276":{"filename":"spfc_276.jpg","original_filename":"spfc.jpg","title":"spfc","description":""},"274":{"filename":"corinthians_paulista_274.jpg","original_filename":"corinthians_paulista.jpg","title":"corinthians_paulista","description":""},"272":{"filename":"flamengo_272.jpg","original_filename":"flamengo.jpg","title":"flamengo","description":""},"268":{"filename":"real_madrid_268.jpg","original_filename":"real_madrid.jpg","title":"real_madrid","description":""},"266":{"filename":"atalanta_266.jpg","original_filename":"atalanta.jpg","title":"atalanta","description":""},"264":{"filename":"ssc_napoli_264.jpg","original_filename":"ssc_napoli.jpg","title":"ssc_napoli","description":""},"262":{"filename":"as_roma_262.jpg","original_filename":"as_roma.jpg","title":"as_roma","description":""},"260":{"filename":"ac_milan_260.jpg","original_filename":"ac_milan.jpg","title":"ac_milan","description":""},"258":{"filename":"juventus_258.jpg","original_filename":"juventus.jpg","title":"juventus","description":""},"256":{"filename":"tottenham_hotspur_256.jpg","original_filename":"tottenham_hotspur.jpg","title":"tottenham_hotspur","description":""},"254":{"filename":"manchester_city_254.jpg","original_filename":"manchester_city.jpg","title":"manchester_city","description":""},"252":{"filename":"chelsea_252.jpg","original_filename":"chelsea.jpg","title":"chelsea","description":""},"250":{"filename":"liverpool_250.jpg","original_filename":"liverpool.jpg","title":"liverpool","description":""},"248":{"filename":"manchester_united_248.jpg","original_filename":"manchester_united.jpg","title":"manchester_united","description":""},"246":{"filename":"paris_saint_germain_246.jpg","original_filename":"paris_saint_germain.jpg","title":"paris_saint_germain","description":""},"244":{"filename":"lille_osc_244.jpg","original_filename":"lille_osc.jpg","title":"lille_osc","description":""},"242":{"filename":"olympique_lyonnais_242.jpg","original_filename":"olympique_lyonnais.jpg","title":"olympique_lyonnais","description":""},"240":{"filename":"rb_leipzig_240.jpg","original_filename":"rb_leipzig.jpg","title":"rb_leipzig","description":""},"238":{"filename":"borussia_dortmund_238.jpg","original_filename":"borussia_dortmund.jpg","title":"borussia_dortmund","description":""},"235":{"filename":"bayern_munich_235.jpg","original_filename":"bayern_munich.jpg","title":"bayern_munich","description":""},"372":{"filename":"arsenal_372.jpg","original_filename":"arsenal.jpg","title":"arsenal","description":""},"371":{"filename":"real_club_de_vigo_371.jpg","original_filename":"real_club_de_vigo.jpg","title":"real_club_de_vigo","description":""},"370":{"filename":"athletic_club_bilbao_370.jpg","original_filename":"athletic_club_bilbao.jpg","title":"athletic_club_bilbao","description":""}}