{"304":{"team_name":"Barcelona","team_nickname":"Blaugrana","team_history":"Futbol Club Barcelona, commonly referred to as Barcelona or Bar\u00e7a, is a professional football club based in Barcelona, Catalonia, Spain. Founded in 1899, the team has won numerous domestic and international titles, including 26 La Liga titles, 5 European Cup\/UEFA Champions League titles, and 3 FIFA Club World Cups, among other accolades. Barcelona is one of the most supported clubs in the world, and its players have included some of the sport's greatest, such as Johan Cruyff, Lionel Messi, and Diego Maradona. The club has a long-standing rivalry with Real Madrid, which is known as El Cl\u00e1sico. The team plays its home matches at the Camp Nou Stadium.","team_logo":305,"league_id":11},"302":{"team_name":"Defensa y Justicia","team_nickname":"El Halc\u00f3n","team_history":"Club Social y Deportivo Defensa y Justicia is a professional football club based in the city of Florencio Varela, Buenos Aires, Argentina. The club was founded in 1935 and has since established itself as a rising force in Argentine football, winning its first Primera Divisi\u00f3n title in 2021. Defensa y Justicia also won the Copa Sudamericana in 2020, and has a reputation for playing attacking and entertaining football. The team plays its home matches at the Estadio Norberto Tomaghello, which has a capacity of over 18,000 spectators. Defensa y Justicia has a small but passionate fan base known as \"El Halc\u00f3n,\" and their rise to success in recent years has endeared them to football fans across the country. The team is currently managed by Sebasti\u00e1n Beccacece.","team_logo":303,"league_id":18},"300":{"team_name":"Talleres","team_nickname":"La T","team_history":"Club Atl\u00e9tico Talleres is a professional football club based in the city of C\u00f3rdoba, Argentina. The club was founded in 1913 and has since become a major force in Argentine football, winning the Primera Divisi\u00f3n title once in 1978. Talleres also has a strong reputation for developing young talent and has produced some of the country's most successful players, including Mario Kempes, Jos\u00e9 Luis Brown, and Javier Pastore. The team plays its home matches at the Estadio Mario Alberto Kempes, which has a capacity of over 57,000 spectators. Talleres has a passionate fan base known as \"La T,\" and their fierce rivalries with other C\u00f3rdoba-based teams, such as Belgrano and Instituto, are among the most intense in Argentine football. The team is currently managed by Alexander Medina.","team_logo":301,"league_id":18},"298":{"team_name":"Racing Club","team_nickname":"La Academia","team_history":"Racing Club de Avellaneda, commonly referred to as Racing Club, is a professional football club based in Avellaneda, Buenos Aires, Argentina. The club was founded in 1903 and has since become one of the most successful and popular teams in Argentine football, winning 18 Primera Divisi\u00f3n titles, 1 Copa Libertadores title, and numerous other domestic and international trophies. Racing Club has a passionate fan base known as \"La Academia,\" and their home matches are played at the Estadio Presidente Juan Domingo Per\u00f3n, which has a capacity of over 51,000 spectators. Racing Club has had some of the most talented and iconic players in Argentine football history on its roster, including Diego Milito, Lisandro L\u00f3pez, and Gabriel Batistuta. The team is currently managed by Sebasti\u00e1n Beccacece.","team_logo":299,"league_id":18},"295":{"team_name":"Club Atl\u00e9tico Independiente","team_nickname":"Los Diablos Rojos","team_history":"Club Atl\u00e9tico Independiente, commonly referred to as Independiente, is a professional football club based in Avellaneda, Buenos Aires, Argentina. The club was founded in 1904 and has since become one of the most successful and popular teams in Argentine football, winning 16 Primera Divisi\u00f3n titles, 7 Copa Libertadores titles, and numerous other domestic and international trophies. Independiente has a passionate fan base known as \"Los Diablos Rojos,\" and their home matches are played at the Estadio Libertadores de Am\u00e9rica, which has a capacity of over 48,000 spectators. Independiente has had some of the most talented and iconic players in Argentine football history on its roster, including Ricardo Bochini, Sergio Ag\u00fcero, and Gabriel Milito. The team is currently managed by Julio C\u00e9sar Falcioni.","team_logo":296,"league_id":18},"293":{"team_name":"Club Atl\u00e9tico San Lorenzo de Almagro","team_nickname":"Los Cuervos","team_history":"Club Atl\u00e9tico San Lorenzo de Almagro, commonly referred to as San Lorenzo, is a professional football club based in Buenos Aires, Argentina. The club was founded in 1908 and has since become one of the most successful and popular teams in Argentine football, winning 15 Primera Divisi\u00f3n titles, 1 Copa Libertadores title, and numerous other domestic and international trophies. San Lorenzo has a passionate fan base known as \"Los Cuervos,\" and their home matches are played at the Estadio Pedro Bidegain, also known as El Nuevo Gas\u00f3metro, which has a capacity of over 47,000 spectators. San Lorenzo has had some of the most talented and iconic players in Argentine football history on its roster, including Bernab\u00e9 Ferreyra, Fernando Belluschi, and Ignacio Piatti. The team is currently managed by Paolo Montero.","team_logo":294,"league_id":18},"291":{"team_name":"Club Atl\u00e9tico River Plate","team_nickname":"Millonarios","team_history":"Club Atl\u00e9tico River Plate, commonly referred to as River Plate, is a professional football club based in Buenos Aires, Argentina. The club was founded in 1901 and has since become one of the most successful and popular teams in Argentine football, winning 37 Primera Divisi\u00f3n titles, 4 Copa Libertadores titles, and numerous other domestic and international trophies. River Plate has a passionate fan base known as \"Los Borrachos del Tabl\u00f3n,\" and their home matches are played at the Estadio Monumental Antonio Vespucio Liberti, which has a capacity of over 66,000 spectators. River Plate has had some of the most talented and iconic players in Argentine football history on its roster, including Alfredo Di St\u00e9fano, Ariel Ortega, and Marcelo Gallardo. The team is currently managed by Marcelo Gallardo.","team_logo":292,"league_id":18},"289":{"team_name":"Boca Junior","team_nickname":"Xeneizes","team_history":"Boca Juniors is a professional football club based in Buenos Aires, Argentina. The club was founded in 1905 and has since become one of the most successful and popular teams in Argentine football, winning 34 Primera Divisi\u00f3n titles, 6 Copa Libertadores titles, and numerous other domestic and international trophies. Boca Juniors has a passionate fan base known as \"La 12,\" and their home matches are played at the Estadio Alberto J. Armando, also known as La Bombonera, which has a capacity of over 49,000 spectators. Boca Juniors has had some of the most talented and iconic players in Argentine football history on its roster, including Diego Maradona, Juan Rom\u00e1n Riquelme, and Carlos Tevez. The team is currently managed by Miguel \u00c1ngel Russo.","team_logo":290,"league_id":18},"285":{"team_name":"Santos Futebol Clube","team_nickname":"Peixe","team_history":"Santos Futebol Clube, commonly referred to as Santos, is a professional football club based in Santos, Brazil. The club was founded in 1912 and has since become one of the most successful teams in Brazilian football, winning 8 Campeonato Brasileiro S\u00e9rie A titles, 3 Copa Libertadores titles, and numerous other domestic and international trophies. Santos has a passionate fan base known as \"torcida santista\" (Santos fans), and their home matches are played at the Est\u00e1dio Urbano Caldeira, which has a capacity of over 16,000 spectators. Santos has had some of the most iconic players in Brazilian football history on its roster, including Pel\u00e9, Robinho, and Neymar. The team is currently managed by Fernando Diniz.","team_logo":286,"league_id":17},"283":{"team_name":"Fluminense Football Club","team_nickname":"Tricolor","team_history":"Fluminense Football Club, commonly referred to as Fluminense, is a professional football club based in Rio de Janeiro, Brazil. The club was founded in 1902 and has since become one of the most successful teams in Brazilian football, winning 4 Campeonato Brasileiro S\u00e9rie A titles, 1 Copa do Brasil title, and numerous other domestic and international trophies. Fluminense has a passionate fan base known as \"torcida tricolor\" (Tricolor fans), and their home matches are played at the Est\u00e1dio do Maracan\u00e3, which has a capacity of over 78,000 spectators. Fluminense has had some of the most talented players in Brazilian football history on its roster, including Rom\u00e1rio, Assis, and Fred. The team is currently managed by Marc\u00e3o.","team_logo":284,"league_id":17},"281":{"team_name":"Club Athletico Paranaense","team_nickname":"Furac\u00e3o","team_history":"Club Athletico Paranaense, commonly referred to as Athletico-PR, is a professional football club based in Curitiba, Brazil. The club was founded in 1924 and has since become one of the most successful teams in Paran\u00e1 state, winning 25 Campeonato Paranaense titles. Athletico-PR has also had success on the national level, winning 1 Campeonato Brasileiro S\u00e9rie A title and 1 Copa do Brasil title. The club has a passionate fan base known as \"torcida organizada\" (organized fans), and their home matches are played at the Arena da Baixada, which has a capacity of over 42,000 spectators. Athletico-PR has had some notable players on its roster, including Paulo Rink, Alex Mineiro, and Kl\u00e9berson. The team is currently managed by Ant\u00f3nio Oliveira.","team_logo":282,"league_id":17},"279":{"team_name":"Sociedade Esportiva Palmeiras","team_nickname":"Verd\u00e3o","team_history":"Sociedade Esportiva Palmeiras, commonly referred to as Palmeiras, is a professional football club based in S\u00e3o Paulo, Brazil. The club was founded in 1914 and has since become one of the most successful teams in Brazilian football, winning 10 Campeonato Brasileiro S\u00e9rie A titles, 4 Copa do Brasil titles, and numerous other domestic and international trophies. Palmeiras has a passionate fan base known as \"torcida palmeirense\" (Palmeiras fans), and their home matches are played at the Allianz Parque, which has a capacity of over 43,000 spectators. Palmeiras has had some of the most talented players in Brazilian football history on its roster, including Edmundo, Marcos, and Ademir da Guia. The team is currently managed by Abel Ferreira.","team_logo":280,"league_id":17},"277":{"team_name":"Gr\u00eamio Foot-Ball Porto Alegrense","team_nickname":"Imortal Tricolor","team_history":"Gr\u00eamio Foot-Ball Porto Alegrense, commonly referred to as Gr\u00eamio, is a professional football club based in Porto Alegre, Brazil. The club was founded in 1903 and has since become one of the most successful teams in Brazilian football, winning 2 Campeonato Brasileiro S\u00e9rie A titles, 3 Copa Libertadores titles, and numerous other domestic and international trophies. Gr\u00eamio has a passionate fan base known as \"torcida tricolor\" (Tricolor fans), and their home matches are played at the Arena do Gr\u00eamio, which has a capacity of over 55,000 spectators. Gr\u00eamio has had some of the most talented players in Brazilian football history on its roster, including Ronaldinho Ga\u00facho, Renato Portaluppi, and Paulo Nunes. The team is currently managed by Tiago Nunes.","team_logo":278,"league_id":17},"275":{"team_name":"S\u00e3o Paulo Futebol Clube","team_nickname":"Tricolor Paulista","team_history":"S\u00e3o Paulo Futebol Clube, commonly referred to as S\u00e3o Paulo, is a professional football club based in S\u00e3o Paulo, Brazil. The club was founded in 1930 and has since become one of the most successful teams in Brazilian football, winning 6 Campeonato Brasileiro S\u00e9rie A titles, 3 Copa Libertadores titles, and numerous other domestic and international trophies. S\u00e3o Paulo has a passionate fan base known as \"torcida s\u00e3o-paulina\" (S\u00e3o Paulo fans), and their home matches are played at the Morumbi Stadium, which has a capacity of over 67,000 spectators. S\u00e3o Paulo has had some of the most talented players in Brazilian football history on its roster, including Rog\u00e9rio Ceni, Ra\u00ed, and Kak\u00e1. The team is currently managed by Hern\u00e1n Crespo.","team_logo":276,"league_id":17},"273":{"team_name":"Sport Club Corinthians Paulista","team_nickname":"Tim\u00e3o","team_history":"Sport Club Corinthians Paulista, commonly referred to as Corinthians, is a professional football club based in S\u00e3o Paulo, Brazil. The club was founded in 1910 and has since become one of the most successful teams in Brazilian football, winning 7 Campeonato Brasileiro S\u00e9rie A titles, 3 Copa do Brasil titles, and numerous other domestic and international trophies. Corinthians has a passionate fan base known as \"Fiel Torcida\" (faithful fans), and their home matches are played at the Arena Corinthians, which has a capacity of over 49,000 spectators. Corinthians has had some of the most talented players in Brazilian football history on its roster, including S\u00f3crates, Rivelino, and Ronaldo. The team is currently managed by Vagner Mancini.","team_logo":274,"league_id":17},"271":{"team_name":"Clube de Regatas do Flamengo","team_nickname":"Meng\u00e3o","team_history":"Clube de Regatas do Flamengo, commonly referred to as Flamengo, is a professional football club based in Rio de Janeiro, Brazil. The club was founded in 1895 and has since become one of the most popular and successful teams in Brazilian football, winning 7 Campeonato Brasileiro S\u00e9rie A titles, 3 Copa Libertadores titles, and numerous other domestic and international trophies. Flamengo has a passionate fan base known as \"torcida rubro-negra\" (red-black fans), and their home matches are played at the Maracan\u00e3 Stadium, which has a capacity of over 78,000 spectators. Flamengo has had some of the most talented players in Brazilian football history on its roster, including Zico, Ronaldinho, and Adriano. The team is currently managed by Rog\u00e9rio Ceni.","team_logo":272,"league_id":17},"267":{"team_name":"Real Madrid CF","team_nickname":"Los Blancos","team_history":"Real Madrid Club de F\u00fatbol, commonly referred to as Real Madrid, is a professional football club based in Madrid, Spain. The club was founded in 1902 and has since become one of the most successful teams in European football, winning 13 European Cups\/UEFA Champions Leagues, 34 La Liga titles, and numerous other domestic and international trophies. Real Madrid has had some of the most talented players in the world on its roster, including Cristiano Ronaldo, Zinedine Zidane, and Alfredo Di Stefano. The team plays its home matches at the Santiago Bernab\u00e9u Stadium, which has a capacity of over 81,000 spectators. Real Madrid has a fierce rivalry with FC Barcelona, and matches between the two teams are known as El Cl\u00e1sico. The club is currently managed by Carlo Ancelotti, and the team is considered one of the strongest in the UEFA Champions League.","team_logo":268,"league_id":11},"265":{"team_name":"Atalanta BC","team_nickname":"La Dea","team_history":"Atalanta Bergamasca Calcio, commonly referred to as Atalanta, is a professional football club based in Bergamo, Italy. The club was founded in 1907 and has since become one of the most exciting teams in Italian football, known for its attacking and high-scoring style of play. Atalanta has had some of the most talented players in the world on its roster, including Papu Gomez, Alejandro Gomez, and Josip Ilicic. The team plays its home matches at the Gewiss Stadium, which has a capacity of over 21,000 spectators. Atalanta has a fierce rivalry with Brescia, and matches between the two teams are known as the Derby della Provincia. The club is currently managed by Gian Piero Gasperini, and the team is considered one of the most entertaining to watch in Serie A.","team_logo":266,"league_id":16},"263":{"team_name":"SSC Napoli","team_nickname":"Gli Azzurri","team_history":"Societ\u00e0 Sportiva Calcio Napoli, commonly referred to as Napoli, is a professional football club based in Naples, Italy. The club was founded in 1926 and has since become one of the most successful teams in Italian football, winning 2 league titles, 6 Coppa Italia titles, and 1 UEFA Cup. Napoli has a reputation for playing a fast and attacking style of football, and has had some of the most talented players in the world on its roster, including Diego Maradona, Dries Mertens, and Edinson Cavani. The team plays its home matches at the Stadio San Paolo, which has a capacity of over 60,000 spectators. Napoli has a fierce rivalry with Juventus, and matches between the two teams are known as the Derby del Sole (Derby of the Sun). The club is currently managed by Luciano Spalletti, and the team is considered one of the strongest in Serie A.","team_logo":264,"league_id":16},"261":{"team_name":"AS Roma","team_nickname":"Giallorossi","team_history":"Associazione Sportiva Roma, commonly referred to as Roma, is a professional football club based in Rome, Italy. The club was founded in 1927 and has since become one of the most popular teams in Italian football, winning 3 league titles, 9 Coppa Italia titles, and 1 European Cup. Roma has a reputation for playing a creative and attacking style of football, and has had some of the most talented players in the world on its roster, including Francesco Totti, Daniele De Rossi, and Gabriel Batistuta. The team plays its home matches at the Stadio Olimpico, which has a capacity of over 72,000 spectators. Roma has a fierce rivalry with Lazio, and matches between the two teams are known as the Rome Derby. The club is currently managed by Jos\u00e9 Mourinho, and the team is considered one of the strongest in Serie A.","team_logo":262,"league_id":16},"259":{"team_name":"AC Milan","team_nickname":"The Rossoneri","team_history":"AC Milan, commonly referred to as Milan, is a professional football club based in Milan, Italy. The club was founded in 1899 and has since become one of the most successful teams in Italian football, winning 18 league titles, 5 Coppa Italia titles, and 7 European Cups. Milan has a reputation for playing a creative and attacking style of football, and has had some of the most talented players in the world on its roster, including Marco van Basten, Paolo Maldini, and Andriy Shevchenko. The team plays its home matches at the San Siro Stadium, which has a capacity of over 80,000 spectators. Milan has a fierce rivalry with Inter Milan, and matches between the two teams are known as the Milan Derby. The club is currently managed by Stefano Pioli, and the team is considered one of the strongest in Serie A.","team_logo":260,"league_id":16},"257":{"team_name":"Juventus","team_nickname":"The Old Lady","team_history":"Juventus Football Club, commonly referred to as Juve, is a professional football club based in Turin, Italy. The club was founded in 1897 and has since become one of the most successful teams in Italian football, winning 36 league titles, 14 Coppa Italia titles, and 2 European Cups. Juventus has a reputation for playing a defensive and tactical style of football, and has had some of the most talented players in the world on its roster, including Michel Platini, Gianluigi Buffon, and Cristiano Ronaldo. The team plays its home matches at the Allianz Stadium, which has a capacity of over 41,000 spectators. Juventus has a fierce rivalry with Torino, and matches between the two teams are known as the Turin Derby. The club is currently managed by Massimiliano Allegri, and the team is considered one of the strongest in Serie A.","team_logo":258,"league_id":16},"255":{"team_name":"Tottenham Hotspur","team_nickname":"Spurs","team_history":"Tottenham Hotspur Football Club, commonly known as Spurs, is a professional football club based in London, England. The club was founded in 1882 and has since become one of the most popular and successful teams in English football, winning 2 league titles, 8 FA Cups, and 3 European Cups. Tottenham has a reputation for playing attractive and attacking football, and has had some of the most talented players in the world on its roster, including Gareth Bale, Harry Kane, and Son Heung-min. The team plays its home matches at Tottenham Hotspur Stadium, which has a capacity of over 62,000 spectators. Tottenham has a fierce rivalry with Arsenal, and matches between the two teams are known as the North London Derby. The club is currently managed by Nuno Espirito Santo, and the team is considered one of the strongest in the Premier League.","team_logo":256,"league_id":9},"253":{"team_name":"Manchester City","team_nickname":"The Citizens","team_history":"Manchester City Football Club is a professional football club based in Manchester, England. The club was founded in 1880 as St. Mark's (West Gorton), and in 1894, the team was renamed Manchester City. Over the years, Manchester City has won 6 league titles, 7 FA Cups, and 1 European Cup. The team plays its home matches at the Etihad Stadium, which has a capacity of over 55,000 spectators. Manchester City has a strong reputation for playing stylish and attacking football, and has had some of the most talented players in the world on its roster, including Sergio Aguero, David Silva, and Kevin De Bruyne. The club has a fierce rivalry with Manchester United, and matches between the two teams are among the most highly anticipated in the football calendar. Manchester City is currently managed by Pep Guardiola, and the team is considered one of the strongest in the Premier League.","team_logo":254,"league_id":9},"251":{"team_name":"Chelsea","team_nickname":"The Blues","team_history":"Chelsea Football Club is a professional football club based in London, England. The club was founded in 1905 and has since become one of the most successful teams in English football, winning 6 league titles, 8 FA Cups, and 2 European Cups. Chelsea has a reputation for playing fast and attacking football, and has had some of the most talented players in the world on its roster, including Didier Drogba, Frank Lampard, and Eden Hazard. The team plays its home matches at Stamford Bridge, which has a capacity of over 40,000 spectators. Chelsea has a strong rivalry with other London clubs, including Arsenal and Tottenham Hotspur. The club is currently managed by Thomas Tuchel, and the team is considered one of the strongest in the Premier League.","team_logo":252,"league_id":9},"249":{"team_name":"Liverpool","team_nickname":"The Reds","team_history":"Liverpool Football Club is a professional football club based in Liverpool, England. The club was founded in 1892 and has a long and illustrious history, having won 19 league titles, 7 FA Cups, and 6 European Cups. Liverpool has a fierce rivalry with Manchester United, and matches between the two teams are among the most highly anticipated in the football calendar. The club has a strong reputation for playing attractive and attacking football, and has produced some of the most iconic players in the game, including Kenny Dalglish, Steven Gerrard, and Luis Suarez. Liverpool plays its home matches at Anfield, which has a capacity of over 53,000 spectators. The club is currently managed by Jurgen Klopp, and the team continues to be one of the most successful and popular in English football.","team_logo":250,"league_id":9},"247":{"team_name":"Manchester United","team_nickname":"The Red Devils","team_history":"Manchester United is one of the most successful and famous football clubs in the world. The club was founded in 1878 as Newton Heath LYR Football Club, and in 1902, the team was renamed Manchester United. Over the years, Manchester United has won a record 20 league titles, 12 FA Cups, 3 European Cups, and numerous other domestic and international trophies. The club's success has been built on a long list of legendary players, including George Best, Bobby Charlton, Eric Cantona, Ryan Giggs, Paul Scholes, and Cristiano Ronaldo. Manchester United plays its home matches at Old Trafford, which has a capacity of over 75,000 spectators. The club has a fierce rivalry with Liverpool, and matches between the two teams are among the most highly anticipated in the football calendar. Manchester United is currently managed by Ole Gunnar Solskj\u00e6r, and the team continues to attract some of the best players in the world.","team_logo":248,"league_id":9},"245":{"team_name":"Paris Saint-Germain","team_nickname":"Les Parisiens","team_history":"Paris Saint-Germain, commonly referred to as PSG, is a French football club based in the capital city of Paris. The club was founded in 1970 and has since become one of the most successful teams in France, winning 9 Ligue 1 titles, 14 Coupe de France trophies, and reaching the final of the Champions League in 2020. PSG has a strong reputation for attracting top talent from around the world, with players such as Zlatan Ibrahimovic, Neymar, and Kylian Mbappe having played for the club. The team plays its home matches at the Parc des Princes stadium, which has a capacity of over 47,000 spectators. PSG has a fierce rivalry with Olympique de Marseille, with matches between the two teams known as \"Le Classique\". In recent years, PSG has become one of the wealthiest clubs in world football, with the backing of the Qatar Sports Investments group. The club has invested heavily in its squad, with the aim of winning the Champions League, which has eluded them so far. Despite some disappointments in European competitions, PSG remains one of the most dominant teams in France, and a major force in world football.","team_logo":246,"league_id":15},"243":{"team_name":"Lille OSC","team_nickname":"Les Dogues","team_history":"Lille OSC, commonly referred to as Lille, is a French football club based in the northern city of Lille. Founded in 1944, the club has won 4 Ligue 1 titles, 6 Coupe de France trophies, and reached the semi-finals of the Champions League in the 2020-21 season. Lille has a strong reputation for producing young talent and has sold some of its players for high transfer fees, such as Eden Hazard and Nicolas Pepe. The club plays its home matches at the Stade Pierre-Mauroy, which has a capacity of over 50,000 spectators. Lille has a fierce rivalry with RC Lens, with matches between the two teams known as the \"Derby du Nord\". In the 2020-21 season, Lille won the Ligue 1 title, ending the domination of Paris Saint-Germain who had won the previous three championships.","team_logo":244,"league_id":15},"241":{"team_name":"Olympique Lyonnais","team_nickname":"Les Gones","team_history":"Olympique Lyonnais, commonly referred to as OL, is a French football club based in the city of Lyon. Founded in 1950, the club has since gone on to become one of the most successful teams in France, winning 7 Ligue 1 titles, 5 Coupe de France trophies, and reaching the semi-finals of the Champions League on three occasions. OL has a strong youth academy and has produced some of the best players in French football history, such as Karim Benzema and Alexandre Lacazette. The club plays its home matches at the Groupama Stadium, which was built in 2016 and has a capacity of over 59,000 spectators. OL has a strong rivalry with AS Saint-Etienne, with matches between the two teams known as the \"Derby Rhone-Alpes\".","team_logo":242,"league_id":15},"239":{"team_name":"RB Leipzig","team_nickname":"Die Roten Bullen","team_history":"RB Leipzig is a relatively new team in the Bundesliga, having been founded in 2009. Despite this, they have already made a name for themselves by finishing in the top four in the league for the past four seasons. The club is known for its high-pressing style of play and its focus on developing young players. They have a strong partnership with Red Bull Salzburg and have used their scouting network to bring in talented players from around the world.","team_logo":240,"league_id":14},"237":{"team_name":"Borussia Dortmund","team_nickname":"Die Schwarzgelben","team_history":"Borussia Dortmund is a popular team known for its passionate fans and attacking style of play. They have won 8 Bundesliga titles and 1 Champions League trophy. The club has a strong rivalry with Bayern Munich and their matches are one of the most highly-anticipated fixtures in the league. The team has produced some of the best players in German football history such as Matthias Sammer and Marco Reus.","team_logo":238,"league_id":14},"236":{"team_name":"Bayern Munich","team_nickname":"Die Roten (The Reds)","team_history":"Bayern Munich is one of the most successful teams in German football history, having won a record 31 Bundesliga titles and 6 European Cups. They have a strong rivalry with Borussia Dortmund and their matches are known as \"Der Klassiker\". The club has a long-standing tradition of producing world-class players such as Franz Beckenbauer, Gerd Muller, and more recently, Thomas Muller and Robert Lewandowski.","team_logo":235,"league_id":14},"135":{"team_name":"Arsenal Football Club","team_nickname":"The Gunners","team_history":"<b>Arsenal Football Club<\/b> is an English professional <a title=\"Association football\" href=\"https:\/\/en.wikipedia.org\/wiki\/Association_football\">football<\/a> club based in <a title=\"London Borough of Islington\" href=\"https:\/\/en.wikipedia.org\/wiki\/London_Borough_of_Islington\">Islington<\/a>, <a title=\"London\" href=\"https:\/\/en.wikipedia.org\/wiki\/London\">London<\/a>. Arsenal plays in the <a title=\"Premier League\" href=\"https:\/\/en.wikipedia.org\/wiki\/Premier_League\">Premier League<\/a>, the top flight of <a title=\"English football league system\" href=\"https:\/\/en.wikipedia.org\/wiki\/English_football_league_system\">English football<\/a>. The club has won 13 <a title=\"List of English football champions\" href=\"https:\/\/en.wikipedia.org\/wiki\/List_of_English_football_champions#Total_titles_won\">league titles<\/a> (including one <a class=\"mw-redirect\" title=\"The Invincibles (football)\" href=\"https:\/\/en.wikipedia.org\/wiki\/The_Invincibles_(football)#Arsenal\">unbeaten<\/a> title), a record 14 <a title=\"FA Cup\" href=\"https:\/\/en.wikipedia.org\/wiki\/FA_Cup\">FA Cups<\/a>, two <a title=\"EFL Cup\" href=\"https:\/\/en.wikipedia.org\/wiki\/EFL_Cup\">League Cups<\/a>, 16 <a title=\"FA Community Shield\" href=\"https:\/\/en.wikipedia.org\/wiki\/FA_Community_Shield\">FA Community Shields<\/a>, one <a title=\"UEFA Cup Winners' Cup\" href=\"https:\/\/en.wikipedia.org\/wiki\/UEFA_Cup_Winners%27_Cup\">European Cup Winners' Cup<\/a>, and one <a title=\"Inter-Cities Fairs Cup\" href=\"https:\/\/en.wikipedia.org\/wiki\/Inter-Cities_Fairs_Cup\">Inter-Cities Fairs Cup<\/a>. In terms of trophies won, it is the <a title=\"List of football clubs in England by competitive honours won\" href=\"https:\/\/en.wikipedia.org\/wiki\/List_of_football_clubs_in_England_by_competitive_honours_won\">third-most successful club in English football<\/a>.","team_logo":372,"league_id":9},"133":{"team_name":"Real Club Celta de Vigo","team_nickname":"The Sky Blues","team_history":"<b>Real Club Celta de Vigo<\/b>, commonly known as <b>Celta de Vigo<\/b> or simply <b>Celta<\/b>, is a Spanish professional <a title=\"Association football\" href=\"https:\/\/en.wikipedia.org\/wiki\/Association_football\">football<\/a> club based in <a title=\"Vigo\" href=\"https:\/\/en.wikipedia.org\/wiki\/Vigo\">Vigo<\/a>, <a title=\"Galicia (Spain)\" href=\"https:\/\/en.wikipedia.org\/wiki\/Galicia_(Spain)\">Galicia<\/a>, that competes in <a title=\"La Liga\" href=\"https:\/\/en.wikipedia.org\/wiki\/La_Liga\">La Liga<\/a>, the top tier of <a title=\"Spanish football league system\" href=\"https:\/\/en.wikipedia.org\/wiki\/Spanish_football_league_system\">Spanish football<\/a>. Nicknamed <i>Os Celestes<\/i> (The Sky Blues), the club was founded in August 1923 as <i>Club Celta<\/i>, following the merger of two Vigo-based teams. The club's home stadium is <a title=\"Bala\u00eddos\" href=\"https:\/\/en.wikipedia.org\/wiki\/Bala%C3%ADdos\">Bala\u00eddos<\/a>, which seats 29,000 spectators.","team_logo":371,"league_id":11},"131":{"team_name":"Athletic Club Bilbao","team_nickname":"The Basques","team_history":"<b>Athletic Club<\/b> (<a title=\"Basque language\" href=\"https:\/\/en.wikipedia.org\/wiki\/Basque_language\">Basque<\/a>: <i lang=\"eu\">Bilboko Athletic Kluba<\/i>; <a title=\"Spanish language\" href=\"https:\/\/en.wikipedia.org\/wiki\/Spanish_language\">Spanish<\/a>: <i lang=\"es\">Athletic Club de Bilbao<\/i>), commonly known as <b>Athletic Bilbao<\/b> or just <b>Athletic<\/b>, is a professional <a title=\"Association football\" href=\"https:\/\/en.wikipedia.org\/wiki\/Association_football\">football<\/a> club based in the city of <a title=\"Bilbao\" href=\"https:\/\/en.wikipedia.org\/wiki\/Bilbao\">Bilbao<\/a> in the <a title=\"Basque Country (autonomous community)\" href=\"https:\/\/en.wikipedia.org\/wiki\/Basque_Country_(autonomous_community)\">Basque Country<\/a> of <a title=\"Spain\" href=\"https:\/\/en.wikipedia.org\/wiki\/Spain\">Spain<\/a>. They are known as <i>Los Leones<\/i> (The Lions) because their stadium was built near a church called <i>San Mam\u00e9s<\/i>, which was named after <a class=\"mw-redirect\" title=\"Saint Mammes of Caesarea\" href=\"https:\/\/en.wikipedia.org\/wiki\/Saint_Mammes_of_Caesarea\">Saint Mammes<\/a>, an early Christian thrown to the lions by the <a title=\"Roman Empire\" href=\"https:\/\/en.wikipedia.org\/wiki\/Roman_Empire\">Romans<\/a>. Mammes pacified the lions and was later made a <a title=\"Saint\" href=\"https:\/\/en.wikipedia.org\/wiki\/Saint\">saint<\/a>. The team plays its home matches at the <a class=\"mw-redirect\" title=\"San Mam\u00e9s Stadium\" href=\"https:\/\/en.wikipedia.org\/wiki\/San_Mam%C3%A9s_Stadium\">San Mam\u00e9s Stadium<\/a>. Its home colours are red and white-striped shirts with black shorts.","team_logo":370,"league_id":11}}